Acme Lab,,Building
Tank 4,Acme Lab,Freezer
Section 1,Acme Lab/Tank 4,Section
Frame1,Acme Lab/Tank 4/Section 1,Frame
Position1,Acme Lab/Tank 4/Section 1/Frame1,Position
Position2,Acme Lab/Tank 4/Section 1/Frame1,Position
Position3,Acme Lab/Tank 4/Section 1/Frame1,Position
Position4,Acme Lab/Tank 4/Section 1/Frame1,Position
Position5,Acme Lab/Tank 4/Section 1/Frame1,Position
Position6,Acme Lab/Tank 4/Section 1/Frame1,Position
Position7,Acme Lab/Tank 4/Section 1/Frame1,Position
Frame2,Acme Lab/Tank 4/Section 1,Frame
Position1,Acme Lab/Tank 4/Section 1/Frame2,Position
Position2,Acme Lab/Tank 4/Section 1/Frame2,Position
Position3,Acme Lab/Tank 4/Section 1/Frame2,Position
Position4,Acme Lab/Tank 4/Section 1/Frame2,Position
Position5,Acme Lab/Tank 4/Section 1/Frame2,Position
Position6,Acme Lab/Tank 4/Section 1/Frame2,Position
Position7,Acme Lab/Tank 4/Section 1/Frame2,Position
Frame3,Acme Lab/Tank 4/Section 1,Frame
Position1,Acme Lab/Tank 4/Section 1/Frame3,Position
Position2,Acme Lab/Tank 4/Section 1/Frame3,Position
Position3,Acme Lab/Tank 4/Section 1/Frame3,Position
Position4,Acme Lab/Tank 4/Section 1/Frame3,Position
Position5,Acme Lab/Tank 4/Section 1/Frame3,Position
Position6,Acme Lab/Tank 4/Section 1/Frame3,Position
Position7,Acme Lab/Tank 4/Section 1/Frame3,Position
Frame4,Acme Lab/Tank 4/Section 1,Frame
Position1,Acme Lab/Tank 4/Section 1/Frame4,Position
Position2,Acme Lab/Tank 4/Section 1/Frame4,Position
Position3,Acme Lab/Tank 4/Section 1/Frame4,Position
Position4,Acme Lab/Tank 4/Section 1/Frame4,Position
Position5,Acme Lab/Tank 4/Section 1/Frame4,Position
Position6,Acme Lab/Tank 4/Section 1/Frame4,Position
Position7,Acme Lab/Tank 4/Section 1/Frame4,Position
Frame5,Acme Lab/Tank 4/Section 1,Frame
Position1,Acme Lab/Tank 4/Section 1/Frame5,Position
Position2,Acme Lab/Tank 4/Section 1/Frame5,Position
Position3,Acme Lab/Tank 4/Section 1/Frame5,Position
Position4,Acme Lab/Tank 4/Section 1/Frame5,Position
Position5,Acme Lab/Tank 4/Section 1/Frame5,Position
Position6,Acme Lab/Tank 4/Section 1/Frame5,Position
Position7,Acme Lab/Tank 4/Section 1/Frame5,Position
Frame6,Acme Lab/Tank 4/Section 1,Frame
Position1,Acme Lab/Tank 4/Section 1/Frame6,Position
Position2,Acme Lab/Tank 4/Section 1/Frame6,Position
Position3,Acme Lab/Tank 4/Section 1/Frame6,Position
Position4,Acme Lab/Tank 4/Section 1/Frame6,Position
Position5,Acme Lab/Tank 4/Section 1/Frame6,Position
Position6,Acme Lab/Tank 4/Section 1/Frame6,Position
Position7,Acme Lab/Tank 4/Section 1/Frame6,Position
Frame7,Acme Lab/Tank 4/Section 1,Frame
Position1,Acme Lab/Tank 4/Section 1/Frame7,Position
Position2,Acme Lab/Tank 4/Section 1/Frame7,Position
Position3,Acme Lab/Tank 4/Section 1/Frame7,Position
Position4,Acme Lab/Tank 4/Section 1/Frame7,Position
Position5,Acme Lab/Tank 4/Section 1/Frame7,Position
Position6,Acme Lab/Tank 4/Section 1/Frame7,Position
Position7,Acme Lab/Tank 4/Section 1/Frame7,Position
Frame8,Acme Lab/Tank 4/Section 1,Frame
Position1,Acme Lab/Tank 4/Section 1/Frame8,Position
Position2,Acme Lab/Tank 4/Section 1/Frame8,Position
Position3,Acme Lab/Tank 4/Section 1/Frame8,Position
Position4,Acme Lab/Tank 4/Section 1/Frame8,Position
Position5,Acme Lab/Tank 4/Section 1/Frame8,Position
Position6,Acme Lab/Tank 4/Section 1/Frame8,Position
Position7,Acme Lab/Tank 4/Section 1/Frame8,Position
Frame9,Acme Lab/Tank 4/Section 1,Frame
Position1,Acme Lab/Tank 4/Section 1/Frame9,Position
Position2,Acme Lab/Tank 4/Section 1/Frame9,Position
Position3,Acme Lab/Tank 4/Section 1/Frame9,Position
Position4,Acme Lab/Tank 4/Section 1/Frame9,Position
Position5,Acme Lab/Tank 4/Section 1/Frame9,Position
Position6,Acme Lab/Tank 4/Section 1/Frame9,Position
Position7,Acme Lab/Tank 4/Section 1/Frame9,Position
Frame10,Acme Lab/Tank 4/Section 1,Frame
Position1,Acme Lab/Tank 4/Section 1/Frame10,Position
Position2,Acme Lab/Tank 4/Section 1/Frame10,Position
Position3,Acme Lab/Tank 4/Section 1/Frame10,Position
Position4,Acme Lab/Tank 4/Section 1/Frame10,Position
Position5,Acme Lab/Tank 4/Section 1/Frame10,Position
Position6,Acme Lab/Tank 4/Section 1/Frame10,Position
Position7,Acme Lab/Tank 4/Section 1/Frame10,Position
Frame11,Acme Lab/Tank 4/Section 1,Frame
Position1,Acme Lab/Tank 4/Section 1/Frame11,Position
Position2,Acme Lab/Tank 4/Section 1/Frame11,Position
Position3,Acme Lab/Tank 4/Section 1/Frame11,Position
Position4,Acme Lab/Tank 4/Section 1/Frame11,Position
Position5,Acme Lab/Tank 4/Section 1/Frame11,Position
Position6,Acme Lab/Tank 4/Section 1/Frame11,Position
Position7,Acme Lab/Tank 4/Section 1/Frame11,Position
Frame12,Acme Lab/Tank 4/Section 1,Frame
Position1,Acme Lab/Tank 4/Section 1/Frame12,Position
Position2,Acme Lab/Tank 4/Section 1/Frame12,Position
Position3,Acme Lab/Tank 4/Section 1/Frame12,Position
Position4,Acme Lab/Tank 4/Section 1/Frame12,Position
Position5,Acme Lab/Tank 4/Section 1/Frame12,Position
Position6,Acme Lab/Tank 4/Section 1/Frame12,Position
Position7,Acme Lab/Tank 4/Section 1/Frame12,Position
Frame13,Acme Lab/Tank 4/Section 1,Frame
Position1,Acme Lab/Tank 4/Section 1/Frame13,Position
Position2,Acme Lab/Tank 4/Section 1/Frame13,Position
Position3,Acme Lab/Tank 4/Section 1/Frame13,Position
Position4,Acme Lab/Tank 4/Section 1/Frame13,Position
Position5,Acme Lab/Tank 4/Section 1/Frame13,Position
Position6,Acme Lab/Tank 4/Section 1/Frame13,Position
Position7,Acme Lab/Tank 4/Section 1/Frame13,Position
Frame14,Acme Lab/Tank 4/Section 1,Frame
Position1,Acme Lab/Tank 4/Section 1/Frame14,Position
Position2,Acme Lab/Tank 4/Section 1/Frame14,Position
Position3,Acme Lab/Tank 4/Section 1/Frame14,Position
Position4,Acme Lab/Tank 4/Section 1/Frame14,Position
Position5,Acme Lab/Tank 4/Section 1/Frame14,Position
Position6,Acme Lab/Tank 4/Section 1/Frame14,Position
Position7,Acme Lab/Tank 4/Section 1/Frame14,Position
Frame15,Acme Lab/Tank 4/Section 1,Frame
Position1,Acme Lab/Tank 4/Section 1/Frame15,Position
Position2,Acme Lab/Tank 4/Section 1/Frame15,Position
Position3,Acme Lab/Tank 4/Section 1/Frame15,Position
Position4,Acme Lab/Tank 4/Section 1/Frame15,Position
Position5,Acme Lab/Tank 4/Section 1/Frame15,Position
Position6,Acme Lab/Tank 4/Section 1/Frame15,Position
Position7,Acme Lab/Tank 4/Section 1/Frame15,Position
Frame16,Acme Lab/Tank 4/Section 1,Frame
Position1,Acme Lab/Tank 4/Section 1/Frame16,Position
Position2,Acme Lab/Tank 4/Section 1/Frame16,Position
Position3,Acme Lab/Tank 4/Section 1/Frame16,Position
Position4,Acme Lab/Tank 4/Section 1/Frame16,Position
Position5,Acme Lab/Tank 4/Section 1/Frame16,Position
Position6,Acme Lab/Tank 4/Section 1/Frame16,Position
Position7,Acme Lab/Tank 4/Section 1/Frame16,Position
Frame17,Acme Lab/Tank 4/Section 1,Frame
Position1,Acme Lab/Tank 4/Section 1/Frame17,Position
Position2,Acme Lab/Tank 4/Section 1/Frame17,Position
Position3,Acme Lab/Tank 4/Section 1/Frame17,Position
Position4,Acme Lab/Tank 4/Section 1/Frame17,Position
Position5,Acme Lab/Tank 4/Section 1/Frame17,Position
Position6,Acme Lab/Tank 4/Section 1/Frame17,Position
Position7,Acme Lab/Tank 4/Section 1/Frame17,Position
Frame18,Acme Lab/Tank 4/Section 1,Frame
Position1,Acme Lab/Tank 4/Section 1/Frame18,Position
Position2,Acme Lab/Tank 4/Section 1/Frame18,Position
Position3,Acme Lab/Tank 4/Section 1/Frame18,Position
Position4,Acme Lab/Tank 4/Section 1/Frame18,Position
Position5,Acme Lab/Tank 4/Section 1/Frame18,Position
Position6,Acme Lab/Tank 4/Section 1/Frame18,Position
Position7,Acme Lab/Tank 4/Section 1/Frame18,Position
Frame19,Acme Lab/Tank 4/Section 1,Frame
Position1,Acme Lab/Tank 4/Section 1/Frame19,Position
Position2,Acme Lab/Tank 4/Section 1/Frame19,Position
Position3,Acme Lab/Tank 4/Section 1/Frame19,Position
Position4,Acme Lab/Tank 4/Section 1/Frame19,Position
Position5,Acme Lab/Tank 4/Section 1/Frame19,Position
Position6,Acme Lab/Tank 4/Section 1/Frame19,Position
Position7,Acme Lab/Tank 4/Section 1/Frame19,Position
Frame20,Acme Lab/Tank 4/Section 1,Frame
Position1,Acme Lab/Tank 4/Section 1/Frame20,Position
Position2,Acme Lab/Tank 4/Section 1/Frame20,Position
Position3,Acme Lab/Tank 4/Section 1/Frame20,Position
Position4,Acme Lab/Tank 4/Section 1/Frame20,Position
Position5,Acme Lab/Tank 4/Section 1/Frame20,Position
Position6,Acme Lab/Tank 4/Section 1/Frame20,Position
Position7,Acme Lab/Tank 4/Section 1/Frame20,Position
Frame21,Acme Lab/Tank 4/Section 1,Frame
Position1,Acme Lab/Tank 4/Section 1/Frame21,Position
Position2,Acme Lab/Tank 4/Section 1/Frame21,Position
Position3,Acme Lab/Tank 4/Section 1/Frame21,Position
Position4,Acme Lab/Tank 4/Section 1/Frame21,Position
Position5,Acme Lab/Tank 4/Section 1/Frame21,Position
Position6,Acme Lab/Tank 4/Section 1/Frame21,Position
Position7,Acme Lab/Tank 4/Section 1/Frame21,Position
Frame22,Acme Lab/Tank 4/Section 1,Frame
Position1,Acme Lab/Tank 4/Section 1/Frame22,Position
Position2,Acme Lab/Tank 4/Section 1/Frame22,Position
Position3,Acme Lab/Tank 4/Section 1/Frame22,Position
Position4,Acme Lab/Tank 4/Section 1/Frame22,Position
Position5,Acme Lab/Tank 4/Section 1/Frame22,Position
Position6,Acme Lab/Tank 4/Section 1/Frame22,Position
Position7,Acme Lab/Tank 4/Section 1/Frame22,Position
Frame23,Acme Lab/Tank 4/Section 1,Frame
Position1,Acme Lab/Tank 4/Section 1/Frame23,Position
Position2,Acme Lab/Tank 4/Section 1/Frame23,Position
Position3,Acme Lab/Tank 4/Section 1/Frame23,Position
Position4,Acme Lab/Tank 4/Section 1/Frame23,Position
Position5,Acme Lab/Tank 4/Section 1/Frame23,Position
Position6,Acme Lab/Tank 4/Section 1/Frame23,Position
Position7,Acme Lab/Tank 4/Section 1/Frame23,Position
Frame24,Acme Lab/Tank 4/Section 1,Frame
Position1,Acme Lab/Tank 4/Section 1/Frame24,Position
Position2,Acme Lab/Tank 4/Section 1/Frame24,Position
Position3,Acme Lab/Tank 4/Section 1/Frame24,Position
Position4,Acme Lab/Tank 4/Section 1/Frame24,Position
Position5,Acme Lab/Tank 4/Section 1/Frame24,Position
Position6,Acme Lab/Tank 4/Section 1/Frame24,Position
Position7,Acme Lab/Tank 4/Section 1/Frame24,Position
Frame25,Acme Lab/Tank 4/Section 1,Frame
Position1,Acme Lab/Tank 4/Section 1/Frame25,Position
Position2,Acme Lab/Tank 4/Section 1/Frame25,Position
Position3,Acme Lab/Tank 4/Section 1/Frame25,Position
Position4,Acme Lab/Tank 4/Section 1/Frame25,Position
Position5,Acme Lab/Tank 4/Section 1/Frame25,Position
Position6,Acme Lab/Tank 4/Section 1/Frame25,Position
Position7,Acme Lab/Tank 4/Section 1/Frame25,Position
Frame26,Acme Lab/Tank 4/Section 1,Frame
Position1,Acme Lab/Tank 4/Section 1/Frame26,Position
Position2,Acme Lab/Tank 4/Section 1/Frame26,Position
Position3,Acme Lab/Tank 4/Section 1/Frame26,Position
Position4,Acme Lab/Tank 4/Section 1/Frame26,Position
Position5,Acme Lab/Tank 4/Section 1/Frame26,Position
Position6,Acme Lab/Tank 4/Section 1/Frame26,Position
Position7,Acme Lab/Tank 4/Section 1/Frame26,Position
Frame27,Acme Lab/Tank 4/Section 1,Frame
Position1,Acme Lab/Tank 4/Section 1/Frame27,Position
Position2,Acme Lab/Tank 4/Section 1/Frame27,Position
Position3,Acme Lab/Tank 4/Section 1/Frame27,Position
Position4,Acme Lab/Tank 4/Section 1/Frame27,Position
Position5,Acme Lab/Tank 4/Section 1/Frame27,Position
Position6,Acme Lab/Tank 4/Section 1/Frame27,Position
Position7,Acme Lab/Tank 4/Section 1/Frame27,Position
Frame28,Acme Lab/Tank 4/Section 1,Frame
Position1,Acme Lab/Tank 4/Section 1/Frame28,Position
Position2,Acme Lab/Tank 4/Section 1/Frame28,Position
Position3,Acme Lab/Tank 4/Section 1/Frame28,Position
Position4,Acme Lab/Tank 4/Section 1/Frame28,Position
Position5,Acme Lab/Tank 4/Section 1/Frame28,Position
Position6,Acme Lab/Tank 4/Section 1/Frame28,Position
Position7,Acme Lab/Tank 4/Section 1/Frame28,Position
Frame29,Acme Lab/Tank 4/Section 1,Frame
Position1,Acme Lab/Tank 4/Section 1/Frame29,Position
Position2,Acme Lab/Tank 4/Section 1/Frame29,Position
Position3,Acme Lab/Tank 4/Section 1/Frame29,Position
Position4,Acme Lab/Tank 4/Section 1/Frame29,Position
Position5,Acme Lab/Tank 4/Section 1/Frame29,Position
Position6,Acme Lab/Tank 4/Section 1/Frame29,Position
Position7,Acme Lab/Tank 4/Section 1/Frame29,Position
Frame30,Acme Lab/Tank 4/Section 1,Frame
Position1,Acme Lab/Tank 4/Section 1/Frame30,Position
Position2,Acme Lab/Tank 4/Section 1/Frame30,Position
Position3,Acme Lab/Tank 4/Section 1/Frame30,Position
Position4,Acme Lab/Tank 4/Section 1/Frame30,Position
Position5,Acme Lab/Tank 4/Section 1/Frame30,Position
Position6,Acme Lab/Tank 4/Section 1/Frame30,Position
Position7,Acme Lab/Tank 4/Section 1/Frame30,Position
Frame31,Acme Lab/Tank 4/Section 1,Frame
Position1,Acme Lab/Tank 4/Section 1/Frame31,Position
Position2,Acme Lab/Tank 4/Section 1/Frame31,Position
Position3,Acme Lab/Tank 4/Section 1/Frame31,Position
Position4,Acme Lab/Tank 4/Section 1/Frame31,Position
Position5,Acme Lab/Tank 4/Section 1/Frame31,Position
Position6,Acme Lab/Tank 4/Section 1/Frame31,Position
Position7,Acme Lab/Tank 4/Section 1/Frame31,Position
Frame32,Acme Lab/Tank 4/Section 1,Frame
Position1,Acme Lab/Tank 4/Section 1/Frame32,Position
Position2,Acme Lab/Tank 4/Section 1/Frame32,Position
Position3,Acme Lab/Tank 4/Section 1/Frame32,Position
Position4,Acme Lab/Tank 4/Section 1/Frame32,Position
Position5,Acme Lab/Tank 4/Section 1/Frame32,Position
Position6,Acme Lab/Tank 4/Section 1/Frame32,Position
Position7,Acme Lab/Tank 4/Section 1/Frame32,Position
Frame33,Acme Lab/Tank 4/Section 1,Frame
Position1,Acme Lab/Tank 4/Section 1/Frame33,Position
Position2,Acme Lab/Tank 4/Section 1/Frame33,Position
Position3,Acme Lab/Tank 4/Section 1/Frame33,Position
Position4,Acme Lab/Tank 4/Section 1/Frame33,Position
Position5,Acme Lab/Tank 4/Section 1/Frame33,Position
Position6,Acme Lab/Tank 4/Section 1/Frame33,Position
Position7,Acme Lab/Tank 4/Section 1/Frame33,Position
Frame34,Acme Lab/Tank 4/Section 1,Frame
Position1,Acme Lab/Tank 4/Section 1/Frame34,Position
Position2,Acme Lab/Tank 4/Section 1/Frame34,Position
Position3,Acme Lab/Tank 4/Section 1/Frame34,Position
Position4,Acme Lab/Tank 4/Section 1/Frame34,Position
Position5,Acme Lab/Tank 4/Section 1/Frame34,Position
Position6,Acme Lab/Tank 4/Section 1/Frame34,Position
Position7,Acme Lab/Tank 4/Section 1/Frame34,Position
Frame35,Acme Lab/Tank 4/Section 1,Frame
Position1,Acme Lab/Tank 4/Section 1/Frame35,Position
Position2,Acme Lab/Tank 4/Section 1/Frame35,Position
Position3,Acme Lab/Tank 4/Section 1/Frame35,Position
Position4,Acme Lab/Tank 4/Section 1/Frame35,Position
Position5,Acme Lab/Tank 4/Section 1/Frame35,Position
Position6,Acme Lab/Tank 4/Section 1/Frame35,Position
Position7,Acme Lab/Tank 4/Section 1/Frame35,Position
Frame36,Acme Lab/Tank 4/Section 1,Frame
Position1,Acme Lab/Tank 4/Section 1/Frame36,Position
Position2,Acme Lab/Tank 4/Section 1/Frame36,Position
Position3,Acme Lab/Tank 4/Section 1/Frame36,Position
Position4,Acme Lab/Tank 4/Section 1/Frame36,Position
Position5,Acme Lab/Tank 4/Section 1/Frame36,Position
Position6,Acme Lab/Tank 4/Section 1/Frame36,Position
Position7,Acme Lab/Tank 4/Section 1/Frame36,Position
Frame37,Acme Lab/Tank 4/Section 1,Frame
Position1,Acme Lab/Tank 4/Section 1/Frame37,Position
Position2,Acme Lab/Tank 4/Section 1/Frame37,Position
Position3,Acme Lab/Tank 4/Section 1/Frame37,Position
Position4,Acme Lab/Tank 4/Section 1/Frame37,Position
Position5,Acme Lab/Tank 4/Section 1/Frame37,Position
Position6,Acme Lab/Tank 4/Section 1/Frame37,Position
Position7,Acme Lab/Tank 4/Section 1/Frame37,Position
Frame38,Acme Lab/Tank 4/Section 1,Frame
Position1,Acme Lab/Tank 4/Section 1/Frame38,Position
Position2,Acme Lab/Tank 4/Section 1/Frame38,Position
Position3,Acme Lab/Tank 4/Section 1/Frame38,Position
Position4,Acme Lab/Tank 4/Section 1/Frame38,Position
Position5,Acme Lab/Tank 4/Section 1/Frame38,Position
Position6,Acme Lab/Tank 4/Section 1/Frame38,Position
Position7,Acme Lab/Tank 4/Section 1/Frame38,Position
Frame39,Acme Lab/Tank 4/Section 1,Frame
Position1,Acme Lab/Tank 4/Section 1/Frame39,Position
Position2,Acme Lab/Tank 4/Section 1/Frame39,Position
Position3,Acme Lab/Tank 4/Section 1/Frame39,Position
Position4,Acme Lab/Tank 4/Section 1/Frame39,Position
Position5,Acme Lab/Tank 4/Section 1/Frame39,Position
Position6,Acme Lab/Tank 4/Section 1/Frame39,Position
Position7,Acme Lab/Tank 4/Section 1/Frame39,Position
Frame40,Acme Lab/Tank 4/Section 1,Frame
Position1,Acme Lab/Tank 4/Section 1/Frame40,Position
Position2,Acme Lab/Tank 4/Section 1/Frame40,Position
Position3,Acme Lab/Tank 4/Section 1/Frame40,Position
Position4,Acme Lab/Tank 4/Section 1/Frame40,Position
Position5,Acme Lab/Tank 4/Section 1/Frame40,Position
Position6,Acme Lab/Tank 4/Section 1/Frame40,Position
Position7,Acme Lab/Tank 4/Section 1/Frame40,Position
Frame41,Acme Lab/Tank 4/Section 1,Frame
Position1,Acme Lab/Tank 4/Section 1/Frame41,Position
Position2,Acme Lab/Tank 4/Section 1/Frame41,Position
Position3,Acme Lab/Tank 4/Section 1/Frame41,Position
Position4,Acme Lab/Tank 4/Section 1/Frame41,Position
Position5,Acme Lab/Tank 4/Section 1/Frame41,Position
Position6,Acme Lab/Tank 4/Section 1/Frame41,Position
Position7,Acme Lab/Tank 4/Section 1/Frame41,Position
Frame42,Acme Lab/Tank 4/Section 1,Frame
Position1,Acme Lab/Tank 4/Section 1/Frame42,Position
Position2,Acme Lab/Tank 4/Section 1/Frame42,Position
Position3,Acme Lab/Tank 4/Section 1/Frame42,Position
Position4,Acme Lab/Tank 4/Section 1/Frame42,Position
Position5,Acme Lab/Tank 4/Section 1/Frame42,Position
Position6,Acme Lab/Tank 4/Section 1/Frame42,Position
Position7,Acme Lab/Tank 4/Section 1/Frame42,Position
Frame43,Acme Lab/Tank 4/Section 1,Frame
Position1,Acme Lab/Tank 4/Section 1/Frame43,Position
Position2,Acme Lab/Tank 4/Section 1/Frame43,Position
Position3,Acme Lab/Tank 4/Section 1/Frame43,Position
Position4,Acme Lab/Tank 4/Section 1/Frame43,Position
Position5,Acme Lab/Tank 4/Section 1/Frame43,Position
Position6,Acme Lab/Tank 4/Section 1/Frame43,Position
Position7,Acme Lab/Tank 4/Section 1/Frame43,Position
Frame44,Acme Lab/Tank 4/Section 1,Frame
Position1,Acme Lab/Tank 4/Section 1/Frame44,Position
Position2,Acme Lab/Tank 4/Section 1/Frame44,Position
Position3,Acme Lab/Tank 4/Section 1/Frame44,Position
Position4,Acme Lab/Tank 4/Section 1/Frame44,Position
Position5,Acme Lab/Tank 4/Section 1/Frame44,Position
Position6,Acme Lab/Tank 4/Section 1/Frame44,Position
Position7,Acme Lab/Tank 4/Section 1/Frame44,Position
Frame45,Acme Lab/Tank 4/Section 1,Frame
Position1,Acme Lab/Tank 4/Section 1/Frame45,Position
Position2,Acme Lab/Tank 4/Section 1/Frame45,Position
Position3,Acme Lab/Tank 4/Section 1/Frame45,Position
Position4,Acme Lab/Tank 4/Section 1/Frame45,Position
Position5,Acme Lab/Tank 4/Section 1/Frame45,Position
Position6,Acme Lab/Tank 4/Section 1/Frame45,Position
Position7,Acme Lab/Tank 4/Section 1/Frame45,Position
Frame46,Acme Lab/Tank 4/Section 1,Frame
Position1,Acme Lab/Tank 4/Section 1/Frame46,Position
Position2,Acme Lab/Tank 4/Section 1/Frame46,Position
Position3,Acme Lab/Tank 4/Section 1/Frame46,Position
Position4,Acme Lab/Tank 4/Section 1/Frame46,Position
Position5,Acme Lab/Tank 4/Section 1/Frame46,Position
Position6,Acme Lab/Tank 4/Section 1/Frame46,Position
Position7,Acme Lab/Tank 4/Section 1/Frame46,Position
Frame47,Acme Lab/Tank 4/Section 1,Frame
Position1,Acme Lab/Tank 4/Section 1/Frame47,Position
Position2,Acme Lab/Tank 4/Section 1/Frame47,Position
Position3,Acme Lab/Tank 4/Section 1/Frame47,Position
Position4,Acme Lab/Tank 4/Section 1/Frame47,Position
Position5,Acme Lab/Tank 4/Section 1/Frame47,Position
Position6,Acme Lab/Tank 4/Section 1/Frame47,Position
Position7,Acme Lab/Tank 4/Section 1/Frame47,Position
Frame48,Acme Lab/Tank 4/Section 1,Frame
Position1,Acme Lab/Tank 4/Section 1/Frame48,Position
Position2,Acme Lab/Tank 4/Section 1/Frame48,Position
Position3,Acme Lab/Tank 4/Section 1/Frame48,Position
Position4,Acme Lab/Tank 4/Section 1/Frame48,Position
Position5,Acme Lab/Tank 4/Section 1/Frame48,Position
Position6,Acme Lab/Tank 4/Section 1/Frame48,Position
Position7,Acme Lab/Tank 4/Section 1/Frame48,Position
Frame49,Acme Lab/Tank 4/Section 1,Frame
Position1,Acme Lab/Tank 4/Section 1/Frame49,Position
Position2,Acme Lab/Tank 4/Section 1/Frame49,Position
Position3,Acme Lab/Tank 4/Section 1/Frame49,Position
Position4,Acme Lab/Tank 4/Section 1/Frame49,Position
Position5,Acme Lab/Tank 4/Section 1/Frame49,Position
Position6,Acme Lab/Tank 4/Section 1/Frame49,Position
Position7,Acme Lab/Tank 4/Section 1/Frame49,Position
Frame50,Acme Lab/Tank 4/Section 1,Frame
Position1,Acme Lab/Tank 4/Section 1/Frame50,Position
Position2,Acme Lab/Tank 4/Section 1/Frame50,Position
Position3,Acme Lab/Tank 4/Section 1/Frame50,Position
Position4,Acme Lab/Tank 4/Section 1/Frame50,Position
Position5,Acme Lab/Tank 4/Section 1/Frame50,Position
Position6,Acme Lab/Tank 4/Section 1/Frame50,Position
Position7,Acme Lab/Tank 4/Section 1/Frame50,Position
Frame51,Acme Lab/Tank 4/Section 1,Frame
Position1,Acme Lab/Tank 4/Section 1/Frame51,Position
Position2,Acme Lab/Tank 4/Section 1/Frame51,Position
Position3,Acme Lab/Tank 4/Section 1/Frame51,Position
Position4,Acme Lab/Tank 4/Section 1/Frame51,Position
Position5,Acme Lab/Tank 4/Section 1/Frame51,Position
Position6,Acme Lab/Tank 4/Section 1/Frame51,Position
Position7,Acme Lab/Tank 4/Section 1/Frame51,Position
Frame52,Acme Lab/Tank 4/Section 1,Frame
Position1,Acme Lab/Tank 4/Section 1/Frame52,Position
Position2,Acme Lab/Tank 4/Section 1/Frame52,Position
Position3,Acme Lab/Tank 4/Section 1/Frame52,Position
Position4,Acme Lab/Tank 4/Section 1/Frame52,Position
Position5,Acme Lab/Tank 4/Section 1/Frame52,Position
Position6,Acme Lab/Tank 4/Section 1/Frame52,Position
Position7,Acme Lab/Tank 4/Section 1/Frame52,Position
Frame53,Acme Lab/Tank 4/Section 1,Frame
Position1,Acme Lab/Tank 4/Section 1/Frame53,Position
Position2,Acme Lab/Tank 4/Section 1/Frame53,Position
Position3,Acme Lab/Tank 4/Section 1/Frame53,Position
Position4,Acme Lab/Tank 4/Section 1/Frame53,Position
Position5,Acme Lab/Tank 4/Section 1/Frame53,Position
Position6,Acme Lab/Tank 4/Section 1/Frame53,Position
Position7,Acme Lab/Tank 4/Section 1/Frame53,Position
Frame54,Acme Lab/Tank 4/Section 1,Frame
Position1,Acme Lab/Tank 4/Section 1/Frame54,Position
Position2,Acme Lab/Tank 4/Section 1/Frame54,Position
Position3,Acme Lab/Tank 4/Section 1/Frame54,Position
Position4,Acme Lab/Tank 4/Section 1/Frame54,Position
Position5,Acme Lab/Tank 4/Section 1/Frame54,Position
Position6,Acme Lab/Tank 4/Section 1/Frame54,Position
Position7,Acme Lab/Tank 4/Section 1/Frame54,Position
Frame55,Acme Lab/Tank 4/Section 1,Frame
Position1,Acme Lab/Tank 4/Section 1/Frame55,Position
Position2,Acme Lab/Tank 4/Section 1/Frame55,Position
Position3,Acme Lab/Tank 4/Section 1/Frame55,Position
Position4,Acme Lab/Tank 4/Section 1/Frame55,Position
Position5,Acme Lab/Tank 4/Section 1/Frame55,Position
Position6,Acme Lab/Tank 4/Section 1/Frame55,Position
Position7,Acme Lab/Tank 4/Section 1/Frame55,Position
Frame56,Acme Lab/Tank 4/Section 1,Frame
Position1,Acme Lab/Tank 4/Section 1/Frame56,Position
Position2,Acme Lab/Tank 4/Section 1/Frame56,Position
Position3,Acme Lab/Tank 4/Section 1/Frame56,Position
Position4,Acme Lab/Tank 4/Section 1/Frame56,Position
Position5,Acme Lab/Tank 4/Section 1/Frame56,Position
Position6,Acme Lab/Tank 4/Section 1/Frame56,Position
Position7,Acme Lab/Tank 4/Section 1/Frame56,Position
Frame57,Acme Lab/Tank 4/Section 1,Frame
Position1,Acme Lab/Tank 4/Section 1/Frame57,Position
Position2,Acme Lab/Tank 4/Section 1/Frame57,Position
Position3,Acme Lab/Tank 4/Section 1/Frame57,Position
Position4,Acme Lab/Tank 4/Section 1/Frame57,Position
Position5,Acme Lab/Tank 4/Section 1/Frame57,Position
Position6,Acme Lab/Tank 4/Section 1/Frame57,Position
Position7,Acme Lab/Tank 4/Section 1/Frame57,Position
Frame58,Acme Lab/Tank 4/Section 1,Frame
Position1,Acme Lab/Tank 4/Section 1/Frame58,Position
Position2,Acme Lab/Tank 4/Section 1/Frame58,Position
Position3,Acme Lab/Tank 4/Section 1/Frame58,Position
Position4,Acme Lab/Tank 4/Section 1/Frame58,Position
Position5,Acme Lab/Tank 4/Section 1/Frame58,Position
Position6,Acme Lab/Tank 4/Section 1/Frame58,Position
Position7,Acme Lab/Tank 4/Section 1/Frame58,Position
Frame59,Acme Lab/Tank 4/Section 1,Frame
Position1,Acme Lab/Tank 4/Section 1/Frame59,Position
Position2,Acme Lab/Tank 4/Section 1/Frame59,Position
Position3,Acme Lab/Tank 4/Section 1/Frame59,Position
Position4,Acme Lab/Tank 4/Section 1/Frame59,Position
Position5,Acme Lab/Tank 4/Section 1/Frame59,Position
Position6,Acme Lab/Tank 4/Section 1/Frame59,Position
Position7,Acme Lab/Tank 4/Section 1/Frame59,Position
Frame60,Acme Lab/Tank 4/Section 1,Frame
Position1,Acme Lab/Tank 4/Section 1/Frame60,Position
Position2,Acme Lab/Tank 4/Section 1/Frame60,Position
Position3,Acme Lab/Tank 4/Section 1/Frame60,Position
Position4,Acme Lab/Tank 4/Section 1/Frame60,Position
Position5,Acme Lab/Tank 4/Section 1/Frame60,Position
Position6,Acme Lab/Tank 4/Section 1/Frame60,Position
Position7,Acme Lab/Tank 4/Section 1/Frame60,Position
Frame61,Acme Lab/Tank 4/Section 1,Frame
Position1,Acme Lab/Tank 4/Section 1/Frame61,Position
Position2,Acme Lab/Tank 4/Section 1/Frame61,Position
Position3,Acme Lab/Tank 4/Section 1/Frame61,Position
Position4,Acme Lab/Tank 4/Section 1/Frame61,Position
Position5,Acme Lab/Tank 4/Section 1/Frame61,Position
Position6,Acme Lab/Tank 4/Section 1/Frame61,Position
Position7,Acme Lab/Tank 4/Section 1/Frame61,Position
Frame62,Acme Lab/Tank 4/Section 1,Frame
Position1,Acme Lab/Tank 4/Section 1/Frame62,Position
Position2,Acme Lab/Tank 4/Section 1/Frame62,Position
Position3,Acme Lab/Tank 4/Section 1/Frame62,Position
Position4,Acme Lab/Tank 4/Section 1/Frame62,Position
Position5,Acme Lab/Tank 4/Section 1/Frame62,Position
Position6,Acme Lab/Tank 4/Section 1/Frame62,Position
Position7,Acme Lab/Tank 4/Section 1/Frame62,Position
Frame63,Acme Lab/Tank 4/Section 1,Frame
Position1,Acme Lab/Tank 4/Section 1/Frame63,Position
Position2,Acme Lab/Tank 4/Section 1/Frame63,Position
Position3,Acme Lab/Tank 4/Section 1/Frame63,Position
Position4,Acme Lab/Tank 4/Section 1/Frame63,Position
Position5,Acme Lab/Tank 4/Section 1/Frame63,Position
Position6,Acme Lab/Tank 4/Section 1/Frame63,Position
Position7,Acme Lab/Tank 4/Section 1/Frame63,Position
Frame64,Acme Lab/Tank 4/Section 1,Frame
Position1,Acme Lab/Tank 4/Section 1/Frame64,Position
Position2,Acme Lab/Tank 4/Section 1/Frame64,Position
Position3,Acme Lab/Tank 4/Section 1/Frame64,Position
Position4,Acme Lab/Tank 4/Section 1/Frame64,Position
Position5,Acme Lab/Tank 4/Section 1/Frame64,Position
Position6,Acme Lab/Tank 4/Section 1/Frame64,Position
Position7,Acme Lab/Tank 4/Section 1/Frame64,Position
Frame65,Acme Lab/Tank 4/Section 1,Frame
Position1,Acme Lab/Tank 4/Section 1/Frame65,Position
Position2,Acme Lab/Tank 4/Section 1/Frame65,Position
Position3,Acme Lab/Tank 4/Section 1/Frame65,Position
Position4,Acme Lab/Tank 4/Section 1/Frame65,Position
Position5,Acme Lab/Tank 4/Section 1/Frame65,Position
Position6,Acme Lab/Tank 4/Section 1/Frame65,Position
Position7,Acme Lab/Tank 4/Section 1/Frame65,Position
Frame66,Acme Lab/Tank 4/Section 1,Frame
Position1,Acme Lab/Tank 4/Section 1/Frame66,Position
Position2,Acme Lab/Tank 4/Section 1/Frame66,Position
Position3,Acme Lab/Tank 4/Section 1/Frame66,Position
Position4,Acme Lab/Tank 4/Section 1/Frame66,Position
Position5,Acme Lab/Tank 4/Section 1/Frame66,Position
Position6,Acme Lab/Tank 4/Section 1/Frame66,Position
Position7,Acme Lab/Tank 4/Section 1/Frame66,Position
Frame67,Acme Lab/Tank 4/Section 1,Frame
Position1,Acme Lab/Tank 4/Section 1/Frame67,Position
Position2,Acme Lab/Tank 4/Section 1/Frame67,Position
Position3,Acme Lab/Tank 4/Section 1/Frame67,Position
Position4,Acme Lab/Tank 4/Section 1/Frame67,Position
Position5,Acme Lab/Tank 4/Section 1/Frame67,Position
Position6,Acme Lab/Tank 4/Section 1/Frame67,Position
Position7,Acme Lab/Tank 4/Section 1/Frame67,Position
Frame68,Acme Lab/Tank 4/Section 1,Frame
Position1,Acme Lab/Tank 4/Section 1/Frame68,Position
Position2,Acme Lab/Tank 4/Section 1/Frame68,Position
Position3,Acme Lab/Tank 4/Section 1/Frame68,Position
Position4,Acme Lab/Tank 4/Section 1/Frame68,Position
Position5,Acme Lab/Tank 4/Section 1/Frame68,Position
Position6,Acme Lab/Tank 4/Section 1/Frame68,Position
Position7,Acme Lab/Tank 4/Section 1/Frame68,Position
Frame69,Acme Lab/Tank 4/Section 1,Frame
Position1,Acme Lab/Tank 4/Section 1/Frame69,Position
Position2,Acme Lab/Tank 4/Section 1/Frame69,Position
Position3,Acme Lab/Tank 4/Section 1/Frame69,Position
Position4,Acme Lab/Tank 4/Section 1/Frame69,Position
Position5,Acme Lab/Tank 4/Section 1/Frame69,Position
Position6,Acme Lab/Tank 4/Section 1/Frame69,Position
Position7,Acme Lab/Tank 4/Section 1/Frame69,Position
Frame70,Acme Lab/Tank 4/Section 1,Frame
Position1,Acme Lab/Tank 4/Section 1/Frame70,Position
Position2,Acme Lab/Tank 4/Section 1/Frame70,Position
Position3,Acme Lab/Tank 4/Section 1/Frame70,Position
Position4,Acme Lab/Tank 4/Section 1/Frame70,Position
Position5,Acme Lab/Tank 4/Section 1/Frame70,Position
Position6,Acme Lab/Tank 4/Section 1/Frame70,Position
Position7,Acme Lab/Tank 4/Section 1/Frame70,Position
Frame71,Acme Lab/Tank 4/Section 1,Frame
Position1,Acme Lab/Tank 4/Section 1/Frame71,Position
Position2,Acme Lab/Tank 4/Section 1/Frame71,Position
Position3,Acme Lab/Tank 4/Section 1/Frame71,Position
Position4,Acme Lab/Tank 4/Section 1/Frame71,Position
Position5,Acme Lab/Tank 4/Section 1/Frame71,Position
Position6,Acme Lab/Tank 4/Section 1/Frame71,Position
Position7,Acme Lab/Tank 4/Section 1/Frame71,Position
Frame72,Acme Lab/Tank 4/Section 1,Frame
Position1,Acme Lab/Tank 4/Section 1/Frame72,Position
Position2,Acme Lab/Tank 4/Section 1/Frame72,Position
Position3,Acme Lab/Tank 4/Section 1/Frame72,Position
Position4,Acme Lab/Tank 4/Section 1/Frame72,Position
Position5,Acme Lab/Tank 4/Section 1/Frame72,Position
Position6,Acme Lab/Tank 4/Section 1/Frame72,Position
Position7,Acme Lab/Tank 4/Section 1/Frame72,Position
Frame73,Acme Lab/Tank 4/Section 1,Frame
Position1,Acme Lab/Tank 4/Section 1/Frame73,Position
Position2,Acme Lab/Tank 4/Section 1/Frame73,Position
Position3,Acme Lab/Tank 4/Section 1/Frame73,Position
Position4,Acme Lab/Tank 4/Section 1/Frame73,Position
Position5,Acme Lab/Tank 4/Section 1/Frame73,Position
Position6,Acme Lab/Tank 4/Section 1/Frame73,Position
Position7,Acme Lab/Tank 4/Section 1/Frame73,Position
Frame74,Acme Lab/Tank 4/Section 1,Frame
Position1,Acme Lab/Tank 4/Section 1/Frame74,Position
Position2,Acme Lab/Tank 4/Section 1/Frame74,Position
Position3,Acme Lab/Tank 4/Section 1/Frame74,Position
Position4,Acme Lab/Tank 4/Section 1/Frame74,Position
Position5,Acme Lab/Tank 4/Section 1/Frame74,Position
Position6,Acme Lab/Tank 4/Section 1/Frame74,Position
Position7,Acme Lab/Tank 4/Section 1/Frame74,Position
Frame75,Acme Lab/Tank 4/Section 1,Frame
Position1,Acme Lab/Tank 4/Section 1/Frame75,Position
Position2,Acme Lab/Tank 4/Section 1/Frame75,Position
Position3,Acme Lab/Tank 4/Section 1/Frame75,Position
Position4,Acme Lab/Tank 4/Section 1/Frame75,Position
Position5,Acme Lab/Tank 4/Section 1/Frame75,Position
Position6,Acme Lab/Tank 4/Section 1/Frame75,Position
Position7,Acme Lab/Tank 4/Section 1/Frame75,Position
Frame76,Acme Lab/Tank 4/Section 1,Frame
Position1,Acme Lab/Tank 4/Section 1/Frame76,Position
Position2,Acme Lab/Tank 4/Section 1/Frame76,Position
Position3,Acme Lab/Tank 4/Section 1/Frame76,Position
Position4,Acme Lab/Tank 4/Section 1/Frame76,Position
Position5,Acme Lab/Tank 4/Section 1/Frame76,Position
Position6,Acme Lab/Tank 4/Section 1/Frame76,Position
Position7,Acme Lab/Tank 4/Section 1/Frame76,Position
Frame77,Acme Lab/Tank 4/Section 1,Frame
Position1,Acme Lab/Tank 4/Section 1/Frame77,Position
Position2,Acme Lab/Tank 4/Section 1/Frame77,Position
Position3,Acme Lab/Tank 4/Section 1/Frame77,Position
Position4,Acme Lab/Tank 4/Section 1/Frame77,Position
Position5,Acme Lab/Tank 4/Section 1/Frame77,Position
Position6,Acme Lab/Tank 4/Section 1/Frame77,Position
Position7,Acme Lab/Tank 4/Section 1/Frame77,Position
Frame78,Acme Lab/Tank 4/Section 1,Frame
Position1,Acme Lab/Tank 4/Section 1/Frame78,Position
Position2,Acme Lab/Tank 4/Section 1/Frame78,Position
Position3,Acme Lab/Tank 4/Section 1/Frame78,Position
Position4,Acme Lab/Tank 4/Section 1/Frame78,Position
Position5,Acme Lab/Tank 4/Section 1/Frame78,Position
Position6,Acme Lab/Tank 4/Section 1/Frame78,Position
Position7,Acme Lab/Tank 4/Section 1/Frame78,Position
Frame79,Acme Lab/Tank 4/Section 1,Frame
Position1,Acme Lab/Tank 4/Section 1/Frame79,Position
Position2,Acme Lab/Tank 4/Section 1/Frame79,Position
Position3,Acme Lab/Tank 4/Section 1/Frame79,Position
Position4,Acme Lab/Tank 4/Section 1/Frame79,Position
Position5,Acme Lab/Tank 4/Section 1/Frame79,Position
Position6,Acme Lab/Tank 4/Section 1/Frame79,Position
Position7,Acme Lab/Tank 4/Section 1/Frame79,Position
Frame80,Acme Lab/Tank 4/Section 1,Frame
Position1,Acme Lab/Tank 4/Section 1/Frame80,Position
Position2,Acme Lab/Tank 4/Section 1/Frame80,Position
Position3,Acme Lab/Tank 4/Section 1/Frame80,Position
Position4,Acme Lab/Tank 4/Section 1/Frame80,Position
Position5,Acme Lab/Tank 4/Section 1/Frame80,Position
Position6,Acme Lab/Tank 4/Section 1/Frame80,Position
Position7,Acme Lab/Tank 4/Section 1/Frame80,Position
Frame81,Acme Lab/Tank 4/Section 1,Frame
Position1,Acme Lab/Tank 4/Section 1/Frame81,Position
Position2,Acme Lab/Tank 4/Section 1/Frame81,Position
Position3,Acme Lab/Tank 4/Section 1/Frame81,Position
Position4,Acme Lab/Tank 4/Section 1/Frame81,Position
Position5,Acme Lab/Tank 4/Section 1/Frame81,Position
Position6,Acme Lab/Tank 4/Section 1/Frame81,Position
Position7,Acme Lab/Tank 4/Section 1/Frame81,Position
Frame82,Acme Lab/Tank 4/Section 1,Frame
Position1,Acme Lab/Tank 4/Section 1/Frame82,Position
Position2,Acme Lab/Tank 4/Section 1/Frame82,Position
Position3,Acme Lab/Tank 4/Section 1/Frame82,Position
Position4,Acme Lab/Tank 4/Section 1/Frame82,Position
Position5,Acme Lab/Tank 4/Section 1/Frame82,Position
Position6,Acme Lab/Tank 4/Section 1/Frame82,Position
Position7,Acme Lab/Tank 4/Section 1/Frame82,Position
Frame83,Acme Lab/Tank 4/Section 1,Frame
Position1,Acme Lab/Tank 4/Section 1/Frame83,Position
Position2,Acme Lab/Tank 4/Section 1/Frame83,Position
Position3,Acme Lab/Tank 4/Section 1/Frame83,Position
Position4,Acme Lab/Tank 4/Section 1/Frame83,Position
Position5,Acme Lab/Tank 4/Section 1/Frame83,Position
Position6,Acme Lab/Tank 4/Section 1/Frame83,Position
Position7,Acme Lab/Tank 4/Section 1/Frame83,Position
Frame84,Acme Lab/Tank 4/Section 1,Frame
Position1,Acme Lab/Tank 4/Section 1/Frame84,Position
Position2,Acme Lab/Tank 4/Section 1/Frame84,Position
Position3,Acme Lab/Tank 4/Section 1/Frame84,Position
Position4,Acme Lab/Tank 4/Section 1/Frame84,Position
Position5,Acme Lab/Tank 4/Section 1/Frame84,Position
Position6,Acme Lab/Tank 4/Section 1/Frame84,Position
Position7,Acme Lab/Tank 4/Section 1/Frame84,Position
Frame85,Acme Lab/Tank 4/Section 1,Frame
Position1,Acme Lab/Tank 4/Section 1/Frame85,Position
Position2,Acme Lab/Tank 4/Section 1/Frame85,Position
Position3,Acme Lab/Tank 4/Section 1/Frame85,Position
Position4,Acme Lab/Tank 4/Section 1/Frame85,Position
Position5,Acme Lab/Tank 4/Section 1/Frame85,Position
Position6,Acme Lab/Tank 4/Section 1/Frame85,Position
Position7,Acme Lab/Tank 4/Section 1/Frame85,Position
Frame86,Acme Lab/Tank 4/Section 1,Frame
Position1,Acme Lab/Tank 4/Section 1/Frame86,Position
Position2,Acme Lab/Tank 4/Section 1/Frame86,Position
Position3,Acme Lab/Tank 4/Section 1/Frame86,Position
Position4,Acme Lab/Tank 4/Section 1/Frame86,Position
Position5,Acme Lab/Tank 4/Section 1/Frame86,Position
Position6,Acme Lab/Tank 4/Section 1/Frame86,Position
Position7,Acme Lab/Tank 4/Section 1/Frame86,Position
Frame87,Acme Lab/Tank 4/Section 1,Frame
Position1,Acme Lab/Tank 4/Section 1/Frame87,Position
Position2,Acme Lab/Tank 4/Section 1/Frame87,Position
Position3,Acme Lab/Tank 4/Section 1/Frame87,Position
Position4,Acme Lab/Tank 4/Section 1/Frame87,Position
Position5,Acme Lab/Tank 4/Section 1/Frame87,Position
Position6,Acme Lab/Tank 4/Section 1/Frame87,Position
Position7,Acme Lab/Tank 4/Section 1/Frame87,Position
Frame88,Acme Lab/Tank 4/Section 1,Frame
Position1,Acme Lab/Tank 4/Section 1/Frame88,Position
Position2,Acme Lab/Tank 4/Section 1/Frame88,Position
Position3,Acme Lab/Tank 4/Section 1/Frame88,Position
Position4,Acme Lab/Tank 4/Section 1/Frame88,Position
Position5,Acme Lab/Tank 4/Section 1/Frame88,Position
Position6,Acme Lab/Tank 4/Section 1/Frame88,Position
Position7,Acme Lab/Tank 4/Section 1/Frame88,Position
Frame89,Acme Lab/Tank 4/Section 1,Frame
Position1,Acme Lab/Tank 4/Section 1/Frame89,Position
Position2,Acme Lab/Tank 4/Section 1/Frame89,Position
Position3,Acme Lab/Tank 4/Section 1/Frame89,Position
Position4,Acme Lab/Tank 4/Section 1/Frame89,Position
Position5,Acme Lab/Tank 4/Section 1/Frame89,Position
Position6,Acme Lab/Tank 4/Section 1/Frame89,Position
Position7,Acme Lab/Tank 4/Section 1/Frame89,Position
Frame90,Acme Lab/Tank 4/Section 1,Frame
Position1,Acme Lab/Tank 4/Section 1/Frame90,Position
Position2,Acme Lab/Tank 4/Section 1/Frame90,Position
Position3,Acme Lab/Tank 4/Section 1/Frame90,Position
Position4,Acme Lab/Tank 4/Section 1/Frame90,Position
Position5,Acme Lab/Tank 4/Section 1/Frame90,Position
Position6,Acme Lab/Tank 4/Section 1/Frame90,Position
Position7,Acme Lab/Tank 4/Section 1/Frame90,Position
Frame91,Acme Lab/Tank 4/Section 1,Frame
Position1,Acme Lab/Tank 4/Section 1/Frame91,Position
Position2,Acme Lab/Tank 4/Section 1/Frame91,Position
Position3,Acme Lab/Tank 4/Section 1/Frame91,Position
Position4,Acme Lab/Tank 4/Section 1/Frame91,Position
Position5,Acme Lab/Tank 4/Section 1/Frame91,Position
Position6,Acme Lab/Tank 4/Section 1/Frame91,Position
Position7,Acme Lab/Tank 4/Section 1/Frame91,Position
Frame92,Acme Lab/Tank 4/Section 1,Frame
Position1,Acme Lab/Tank 4/Section 1/Frame92,Position
Position2,Acme Lab/Tank 4/Section 1/Frame92,Position
Position3,Acme Lab/Tank 4/Section 1/Frame92,Position
Position4,Acme Lab/Tank 4/Section 1/Frame92,Position
Position5,Acme Lab/Tank 4/Section 1/Frame92,Position
Position6,Acme Lab/Tank 4/Section 1/Frame92,Position
Position7,Acme Lab/Tank 4/Section 1/Frame92,Position
Frame93,Acme Lab/Tank 4/Section 1,Frame
Position1,Acme Lab/Tank 4/Section 1/Frame93,Position
Position2,Acme Lab/Tank 4/Section 1/Frame93,Position
Position3,Acme Lab/Tank 4/Section 1/Frame93,Position
Position4,Acme Lab/Tank 4/Section 1/Frame93,Position
Position5,Acme Lab/Tank 4/Section 1/Frame93,Position
Position6,Acme Lab/Tank 4/Section 1/Frame93,Position
Position7,Acme Lab/Tank 4/Section 1/Frame93,Position
Frame94,Acme Lab/Tank 4/Section 1,Frame
Position1,Acme Lab/Tank 4/Section 1/Frame94,Position
Position2,Acme Lab/Tank 4/Section 1/Frame94,Position
Position3,Acme Lab/Tank 4/Section 1/Frame94,Position
Position4,Acme Lab/Tank 4/Section 1/Frame94,Position
Position5,Acme Lab/Tank 4/Section 1/Frame94,Position
Position6,Acme Lab/Tank 4/Section 1/Frame94,Position
Position7,Acme Lab/Tank 4/Section 1/Frame94,Position
Frame95,Acme Lab/Tank 4/Section 1,Frame
Position1,Acme Lab/Tank 4/Section 1/Frame95,Position
Position2,Acme Lab/Tank 4/Section 1/Frame95,Position
Position3,Acme Lab/Tank 4/Section 1/Frame95,Position
Position4,Acme Lab/Tank 4/Section 1/Frame95,Position
Position5,Acme Lab/Tank 4/Section 1/Frame95,Position
Position6,Acme Lab/Tank 4/Section 1/Frame95,Position
Position7,Acme Lab/Tank 4/Section 1/Frame95,Position
Frame96,Acme Lab/Tank 4/Section 1,Frame
Position1,Acme Lab/Tank 4/Section 1/Frame96,Position
Position2,Acme Lab/Tank 4/Section 1/Frame96,Position
Position3,Acme Lab/Tank 4/Section 1/Frame96,Position
Position4,Acme Lab/Tank 4/Section 1/Frame96,Position
Position5,Acme Lab/Tank 4/Section 1/Frame96,Position
Position6,Acme Lab/Tank 4/Section 1/Frame96,Position
Position7,Acme Lab/Tank 4/Section 1/Frame96,Position
Frame97,Acme Lab/Tank 4/Section 1,Frame
Position1,Acme Lab/Tank 4/Section 1/Frame97,Position
Position2,Acme Lab/Tank 4/Section 1/Frame97,Position
Position3,Acme Lab/Tank 4/Section 1/Frame97,Position
Position4,Acme Lab/Tank 4/Section 1/Frame97,Position
Position5,Acme Lab/Tank 4/Section 1/Frame97,Position
Position6,Acme Lab/Tank 4/Section 1/Frame97,Position
Position7,Acme Lab/Tank 4/Section 1/Frame97,Position
Frame98,Acme Lab/Tank 4/Section 1,Frame
Position1,Acme Lab/Tank 4/Section 1/Frame98,Position
Position2,Acme Lab/Tank 4/Section 1/Frame98,Position
Position3,Acme Lab/Tank 4/Section 1/Frame98,Position
Position4,Acme Lab/Tank 4/Section 1/Frame98,Position
Position5,Acme Lab/Tank 4/Section 1/Frame98,Position
Position6,Acme Lab/Tank 4/Section 1/Frame98,Position
Position7,Acme Lab/Tank 4/Section 1/Frame98,Position
Frame99,Acme Lab/Tank 4/Section 1,Frame
Position1,Acme Lab/Tank 4/Section 1/Frame99,Position
Position2,Acme Lab/Tank 4/Section 1/Frame99,Position
Position3,Acme Lab/Tank 4/Section 1/Frame99,Position
Position4,Acme Lab/Tank 4/Section 1/Frame99,Position
Position5,Acme Lab/Tank 4/Section 1/Frame99,Position
Position6,Acme Lab/Tank 4/Section 1/Frame99,Position
Position7,Acme Lab/Tank 4/Section 1/Frame99,Position
Frame100,Acme Lab/Tank 4/Section 1,Frame
Position1,Acme Lab/Tank 4/Section 1/Frame100,Position
Position2,Acme Lab/Tank 4/Section 1/Frame100,Position
Position3,Acme Lab/Tank 4/Section 1/Frame100,Position
Position4,Acme Lab/Tank 4/Section 1/Frame100,Position
Position5,Acme Lab/Tank 4/Section 1/Frame100,Position
Position6,Acme Lab/Tank 4/Section 1/Frame100,Position
Position7,Acme Lab/Tank 4/Section 1/Frame100,Position
Frame101,Acme Lab/Tank 4/Section 1,Frame
Position1,Acme Lab/Tank 4/Section 1/Frame101,Position
Position2,Acme Lab/Tank 4/Section 1/Frame101,Position
Position3,Acme Lab/Tank 4/Section 1/Frame101,Position
Position4,Acme Lab/Tank 4/Section 1/Frame101,Position
Position5,Acme Lab/Tank 4/Section 1/Frame101,Position
Position6,Acme Lab/Tank 4/Section 1/Frame101,Position
Position7,Acme Lab/Tank 4/Section 1/Frame101,Position
Frame102,Acme Lab/Tank 4/Section 1,Frame
Position1,Acme Lab/Tank 4/Section 1/Frame102,Position
Position2,Acme Lab/Tank 4/Section 1/Frame102,Position
Position3,Acme Lab/Tank 4/Section 1/Frame102,Position
Position4,Acme Lab/Tank 4/Section 1/Frame102,Position
Position5,Acme Lab/Tank 4/Section 1/Frame102,Position
Position6,Acme Lab/Tank 4/Section 1/Frame102,Position
Position7,Acme Lab/Tank 4/Section 1/Frame102,Position
Frame103,Acme Lab/Tank 4/Section 1,Frame
Position1,Acme Lab/Tank 4/Section 1/Frame103,Position
Position2,Acme Lab/Tank 4/Section 1/Frame103,Position
Position3,Acme Lab/Tank 4/Section 1/Frame103,Position
Position4,Acme Lab/Tank 4/Section 1/Frame103,Position
Position5,Acme Lab/Tank 4/Section 1/Frame103,Position
Position6,Acme Lab/Tank 4/Section 1/Frame103,Position
Position7,Acme Lab/Tank 4/Section 1/Frame103,Position
Frame104,Acme Lab/Tank 4/Section 1,Frame
Position1,Acme Lab/Tank 4/Section 1/Frame104,Position
Position2,Acme Lab/Tank 4/Section 1/Frame104,Position
Position3,Acme Lab/Tank 4/Section 1/Frame104,Position
Position4,Acme Lab/Tank 4/Section 1/Frame104,Position
Position5,Acme Lab/Tank 4/Section 1/Frame104,Position
Position6,Acme Lab/Tank 4/Section 1/Frame104,Position
Position7,Acme Lab/Tank 4/Section 1/Frame104,Position
Frame105,Acme Lab/Tank 4/Section 1,Frame
Position1,Acme Lab/Tank 4/Section 1/Frame105,Position
Position2,Acme Lab/Tank 4/Section 1/Frame105,Position
Position3,Acme Lab/Tank 4/Section 1/Frame105,Position
Position4,Acme Lab/Tank 4/Section 1/Frame105,Position
Position5,Acme Lab/Tank 4/Section 1/Frame105,Position
Position6,Acme Lab/Tank 4/Section 1/Frame105,Position
Position7,Acme Lab/Tank 4/Section 1/Frame105,Position
Frame106,Acme Lab/Tank 4/Section 1,Frame
Position1,Acme Lab/Tank 4/Section 1/Frame106,Position
Position2,Acme Lab/Tank 4/Section 1/Frame106,Position
Position3,Acme Lab/Tank 4/Section 1/Frame106,Position
Position4,Acme Lab/Tank 4/Section 1/Frame106,Position
Position5,Acme Lab/Tank 4/Section 1/Frame106,Position
Position6,Acme Lab/Tank 4/Section 1/Frame106,Position
Position7,Acme Lab/Tank 4/Section 1/Frame106,Position
Frame107,Acme Lab/Tank 4/Section 1,Frame
Position1,Acme Lab/Tank 4/Section 1/Frame107,Position
Position2,Acme Lab/Tank 4/Section 1/Frame107,Position
Position3,Acme Lab/Tank 4/Section 1/Frame107,Position
Position4,Acme Lab/Tank 4/Section 1/Frame107,Position
Position5,Acme Lab/Tank 4/Section 1/Frame107,Position
Position6,Acme Lab/Tank 4/Section 1/Frame107,Position
Position7,Acme Lab/Tank 4/Section 1/Frame107,Position
Frame108,Acme Lab/Tank 4/Section 1,Frame
Position1,Acme Lab/Tank 4/Section 1/Frame108,Position
Position2,Acme Lab/Tank 4/Section 1/Frame108,Position
Position3,Acme Lab/Tank 4/Section 1/Frame108,Position
Position4,Acme Lab/Tank 4/Section 1/Frame108,Position
Position5,Acme Lab/Tank 4/Section 1/Frame108,Position
Position6,Acme Lab/Tank 4/Section 1/Frame108,Position
Position7,Acme Lab/Tank 4/Section 1/Frame108,Position
Frame109,Acme Lab/Tank 4/Section 1,Frame
Position1,Acme Lab/Tank 4/Section 1/Frame109,Position
Position2,Acme Lab/Tank 4/Section 1/Frame109,Position
Position3,Acme Lab/Tank 4/Section 1/Frame109,Position
Position4,Acme Lab/Tank 4/Section 1/Frame109,Position
Position5,Acme Lab/Tank 4/Section 1/Frame109,Position
Position6,Acme Lab/Tank 4/Section 1/Frame109,Position
Position7,Acme Lab/Tank 4/Section 1/Frame109,Position
Frame110,Acme Lab/Tank 4/Section 1,Frame
Position1,Acme Lab/Tank 4/Section 1/Frame110,Position
Position2,Acme Lab/Tank 4/Section 1/Frame110,Position
Position3,Acme Lab/Tank 4/Section 1/Frame110,Position
Position4,Acme Lab/Tank 4/Section 1/Frame110,Position
Position5,Acme Lab/Tank 4/Section 1/Frame110,Position
Position6,Acme Lab/Tank 4/Section 1/Frame110,Position
Position7,Acme Lab/Tank 4/Section 1/Frame110,Position
Frame111,Acme Lab/Tank 4/Section 1,Frame
Position1,Acme Lab/Tank 4/Section 1/Frame111,Position
Position2,Acme Lab/Tank 4/Section 1/Frame111,Position
Position3,Acme Lab/Tank 4/Section 1/Frame111,Position
Position4,Acme Lab/Tank 4/Section 1/Frame111,Position
Position5,Acme Lab/Tank 4/Section 1/Frame111,Position
Position6,Acme Lab/Tank 4/Section 1/Frame111,Position
Position7,Acme Lab/Tank 4/Section 1/Frame111,Position
Frame112,Acme Lab/Tank 4/Section 1,Frame
Position1,Acme Lab/Tank 4/Section 1/Frame112,Position
Position2,Acme Lab/Tank 4/Section 1/Frame112,Position
Position3,Acme Lab/Tank 4/Section 1/Frame112,Position
Position4,Acme Lab/Tank 4/Section 1/Frame112,Position
Position5,Acme Lab/Tank 4/Section 1/Frame112,Position
Position6,Acme Lab/Tank 4/Section 1/Frame112,Position
Position7,Acme Lab/Tank 4/Section 1/Frame112,Position
Frame113,Acme Lab/Tank 4/Section 1,Frame
Position1,Acme Lab/Tank 4/Section 1/Frame113,Position
Position2,Acme Lab/Tank 4/Section 1/Frame113,Position
Position3,Acme Lab/Tank 4/Section 1/Frame113,Position
Position4,Acme Lab/Tank 4/Section 1/Frame113,Position
Position5,Acme Lab/Tank 4/Section 1/Frame113,Position
Position6,Acme Lab/Tank 4/Section 1/Frame113,Position
Position7,Acme Lab/Tank 4/Section 1/Frame113,Position
Frame114,Acme Lab/Tank 4/Section 1,Frame
Position1,Acme Lab/Tank 4/Section 1/Frame114,Position
Position2,Acme Lab/Tank 4/Section 1/Frame114,Position
Position3,Acme Lab/Tank 4/Section 1/Frame114,Position
Position4,Acme Lab/Tank 4/Section 1/Frame114,Position
Position5,Acme Lab/Tank 4/Section 1/Frame114,Position
Position6,Acme Lab/Tank 4/Section 1/Frame114,Position
Position7,Acme Lab/Tank 4/Section 1/Frame114,Position
Frame115,Acme Lab/Tank 4/Section 1,Frame
Position1,Acme Lab/Tank 4/Section 1/Frame115,Position
Position2,Acme Lab/Tank 4/Section 1/Frame115,Position
Position3,Acme Lab/Tank 4/Section 1/Frame115,Position
Position4,Acme Lab/Tank 4/Section 1/Frame115,Position
Position5,Acme Lab/Tank 4/Section 1/Frame115,Position
Position6,Acme Lab/Tank 4/Section 1/Frame115,Position
Position7,Acme Lab/Tank 4/Section 1/Frame115,Position
Frame116,Acme Lab/Tank 4/Section 1,Frame
Position1,Acme Lab/Tank 4/Section 1/Frame116,Position
Position2,Acme Lab/Tank 4/Section 1/Frame116,Position
Position3,Acme Lab/Tank 4/Section 1/Frame116,Position
Position4,Acme Lab/Tank 4/Section 1/Frame116,Position
Position5,Acme Lab/Tank 4/Section 1/Frame116,Position
Position6,Acme Lab/Tank 4/Section 1/Frame116,Position
Position7,Acme Lab/Tank 4/Section 1/Frame116,Position
Frame117,Acme Lab/Tank 4/Section 1,Frame
Position1,Acme Lab/Tank 4/Section 1/Frame117,Position
Position2,Acme Lab/Tank 4/Section 1/Frame117,Position
Position3,Acme Lab/Tank 4/Section 1/Frame117,Position
Position4,Acme Lab/Tank 4/Section 1/Frame117,Position
Position5,Acme Lab/Tank 4/Section 1/Frame117,Position
Position6,Acme Lab/Tank 4/Section 1/Frame117,Position
Position7,Acme Lab/Tank 4/Section 1/Frame117,Position
Frame118,Acme Lab/Tank 4/Section 1,Frame
Position1,Acme Lab/Tank 4/Section 1/Frame118,Position
Position2,Acme Lab/Tank 4/Section 1/Frame118,Position
Position3,Acme Lab/Tank 4/Section 1/Frame118,Position
Position4,Acme Lab/Tank 4/Section 1/Frame118,Position
Position5,Acme Lab/Tank 4/Section 1/Frame118,Position
Position6,Acme Lab/Tank 4/Section 1/Frame118,Position
Position7,Acme Lab/Tank 4/Section 1/Frame118,Position
Frame119,Acme Lab/Tank 4/Section 1,Frame
Position1,Acme Lab/Tank 4/Section 1/Frame119,Position
Position2,Acme Lab/Tank 4/Section 1/Frame119,Position
Position3,Acme Lab/Tank 4/Section 1/Frame119,Position
Position4,Acme Lab/Tank 4/Section 1/Frame119,Position
Position5,Acme Lab/Tank 4/Section 1/Frame119,Position
Position6,Acme Lab/Tank 4/Section 1/Frame119,Position
Position7,Acme Lab/Tank 4/Section 1/Frame119,Position
Frame120,Acme Lab/Tank 4/Section 1,Frame
Position1,Acme Lab/Tank 4/Section 1/Frame120,Position
Position2,Acme Lab/Tank 4/Section 1/Frame120,Position
Position3,Acme Lab/Tank 4/Section 1/Frame120,Position
Position4,Acme Lab/Tank 4/Section 1/Frame120,Position
Position5,Acme Lab/Tank 4/Section 1/Frame120,Position
Position6,Acme Lab/Tank 4/Section 1/Frame120,Position
Position7,Acme Lab/Tank 4/Section 1/Frame120,Position
Frame121,Acme Lab/Tank 4/Section 1,Frame
Position1,Acme Lab/Tank 4/Section 1/Frame121,Position
Position2,Acme Lab/Tank 4/Section 1/Frame121,Position
Position3,Acme Lab/Tank 4/Section 1/Frame121,Position
Position4,Acme Lab/Tank 4/Section 1/Frame121,Position
Position5,Acme Lab/Tank 4/Section 1/Frame121,Position
Position6,Acme Lab/Tank 4/Section 1/Frame121,Position
Position7,Acme Lab/Tank 4/Section 1/Frame121,Position
Frame122,Acme Lab/Tank 4/Section 1,Frame
Position1,Acme Lab/Tank 4/Section 1/Frame122,Position
Position2,Acme Lab/Tank 4/Section 1/Frame122,Position
Position3,Acme Lab/Tank 4/Section 1/Frame122,Position
Position4,Acme Lab/Tank 4/Section 1/Frame122,Position
Position5,Acme Lab/Tank 4/Section 1/Frame122,Position
Position6,Acme Lab/Tank 4/Section 1/Frame122,Position
Position7,Acme Lab/Tank 4/Section 1/Frame122,Position
Frame123,Acme Lab/Tank 4/Section 1,Frame
Position1,Acme Lab/Tank 4/Section 1/Frame123,Position
Position2,Acme Lab/Tank 4/Section 1/Frame123,Position
Position3,Acme Lab/Tank 4/Section 1/Frame123,Position
Position4,Acme Lab/Tank 4/Section 1/Frame123,Position
Position5,Acme Lab/Tank 4/Section 1/Frame123,Position
Position6,Acme Lab/Tank 4/Section 1/Frame123,Position
Position7,Acme Lab/Tank 4/Section 1/Frame123,Position
Frame124,Acme Lab/Tank 4/Section 1,Frame
Position1,Acme Lab/Tank 4/Section 1/Frame124,Position
Position2,Acme Lab/Tank 4/Section 1/Frame124,Position
Position3,Acme Lab/Tank 4/Section 1/Frame124,Position
Position4,Acme Lab/Tank 4/Section 1/Frame124,Position
Position5,Acme Lab/Tank 4/Section 1/Frame124,Position
Position6,Acme Lab/Tank 4/Section 1/Frame124,Position
Position7,Acme Lab/Tank 4/Section 1/Frame124,Position
Frame125,Acme Lab/Tank 4/Section 1,Frame
Position1,Acme Lab/Tank 4/Section 1/Frame125,Position
Position2,Acme Lab/Tank 4/Section 1/Frame125,Position
Position3,Acme Lab/Tank 4/Section 1/Frame125,Position
Position4,Acme Lab/Tank 4/Section 1/Frame125,Position
Position5,Acme Lab/Tank 4/Section 1/Frame125,Position
Position6,Acme Lab/Tank 4/Section 1/Frame125,Position
Position7,Acme Lab/Tank 4/Section 1/Frame125,Position
Frame126,Acme Lab/Tank 4/Section 1,Frame
Position1,Acme Lab/Tank 4/Section 1/Frame126,Position
Position2,Acme Lab/Tank 4/Section 1/Frame126,Position
Position3,Acme Lab/Tank 4/Section 1/Frame126,Position
Position4,Acme Lab/Tank 4/Section 1/Frame126,Position
Position5,Acme Lab/Tank 4/Section 1/Frame126,Position
Position6,Acme Lab/Tank 4/Section 1/Frame126,Position
Position7,Acme Lab/Tank 4/Section 1/Frame126,Position
Frame127,Acme Lab/Tank 4/Section 1,Frame
Position1,Acme Lab/Tank 4/Section 1/Frame127,Position
Position2,Acme Lab/Tank 4/Section 1/Frame127,Position
Position3,Acme Lab/Tank 4/Section 1/Frame127,Position
Position4,Acme Lab/Tank 4/Section 1/Frame127,Position
Position5,Acme Lab/Tank 4/Section 1/Frame127,Position
Position6,Acme Lab/Tank 4/Section 1/Frame127,Position
Position7,Acme Lab/Tank 4/Section 1/Frame127,Position
Frame128,Acme Lab/Tank 4/Section 1,Frame
Position1,Acme Lab/Tank 4/Section 1/Frame128,Position
Position2,Acme Lab/Tank 4/Section 1/Frame128,Position
Position3,Acme Lab/Tank 4/Section 1/Frame128,Position
Position4,Acme Lab/Tank 4/Section 1/Frame128,Position
Position5,Acme Lab/Tank 4/Section 1/Frame128,Position
Position6,Acme Lab/Tank 4/Section 1/Frame128,Position
Position7,Acme Lab/Tank 4/Section 1/Frame128,Position
Frame129,Acme Lab/Tank 4/Section 1,Frame
Position1,Acme Lab/Tank 4/Section 1/Frame129,Position
Position2,Acme Lab/Tank 4/Section 1/Frame129,Position
Position3,Acme Lab/Tank 4/Section 1/Frame129,Position
Position4,Acme Lab/Tank 4/Section 1/Frame129,Position
Position5,Acme Lab/Tank 4/Section 1/Frame129,Position
Position6,Acme Lab/Tank 4/Section 1/Frame129,Position
Position7,Acme Lab/Tank 4/Section 1/Frame129,Position
Frame130,Acme Lab/Tank 4/Section 1,Frame
Position1,Acme Lab/Tank 4/Section 1/Frame130,Position
Position2,Acme Lab/Tank 4/Section 1/Frame130,Position
Position3,Acme Lab/Tank 4/Section 1/Frame130,Position
Position4,Acme Lab/Tank 4/Section 1/Frame130,Position
Position5,Acme Lab/Tank 4/Section 1/Frame130,Position
Position6,Acme Lab/Tank 4/Section 1/Frame130,Position
Position7,Acme Lab/Tank 4/Section 1/Frame130,Position
Frame131,Acme Lab/Tank 4/Section 1,Frame
Position1,Acme Lab/Tank 4/Section 1/Frame131,Position
Position2,Acme Lab/Tank 4/Section 1/Frame131,Position
Position3,Acme Lab/Tank 4/Section 1/Frame131,Position
Position4,Acme Lab/Tank 4/Section 1/Frame131,Position
Position5,Acme Lab/Tank 4/Section 1/Frame131,Position
Position6,Acme Lab/Tank 4/Section 1/Frame131,Position
Position7,Acme Lab/Tank 4/Section 1/Frame131,Position
Frame132,Acme Lab/Tank 4/Section 1,Frame
Position1,Acme Lab/Tank 4/Section 1/Frame132,Position
Position2,Acme Lab/Tank 4/Section 1/Frame132,Position
Position3,Acme Lab/Tank 4/Section 1/Frame132,Position
Position4,Acme Lab/Tank 4/Section 1/Frame132,Position
Position5,Acme Lab/Tank 4/Section 1/Frame132,Position
Position6,Acme Lab/Tank 4/Section 1/Frame132,Position
Position7,Acme Lab/Tank 4/Section 1/Frame132,Position
Frame133,Acme Lab/Tank 4/Section 1,Frame
Position1,Acme Lab/Tank 4/Section 1/Frame133,Position
Position2,Acme Lab/Tank 4/Section 1/Frame133,Position
Position3,Acme Lab/Tank 4/Section 1/Frame133,Position
Position4,Acme Lab/Tank 4/Section 1/Frame133,Position
Position5,Acme Lab/Tank 4/Section 1/Frame133,Position
Position6,Acme Lab/Tank 4/Section 1/Frame133,Position
Position7,Acme Lab/Tank 4/Section 1/Frame133,Position
Frame134,Acme Lab/Tank 4/Section 1,Frame
Position1,Acme Lab/Tank 4/Section 1/Frame134,Position
Position2,Acme Lab/Tank 4/Section 1/Frame134,Position
Position3,Acme Lab/Tank 4/Section 1/Frame134,Position
Position4,Acme Lab/Tank 4/Section 1/Frame134,Position
Position5,Acme Lab/Tank 4/Section 1/Frame134,Position
Position6,Acme Lab/Tank 4/Section 1/Frame134,Position
Position7,Acme Lab/Tank 4/Section 1/Frame134,Position
Frame135,Acme Lab/Tank 4/Section 1,Frame
Position1,Acme Lab/Tank 4/Section 1/Frame135,Position
Position2,Acme Lab/Tank 4/Section 1/Frame135,Position
Position3,Acme Lab/Tank 4/Section 1/Frame135,Position
Position4,Acme Lab/Tank 4/Section 1/Frame135,Position
Position5,Acme Lab/Tank 4/Section 1/Frame135,Position
Position6,Acme Lab/Tank 4/Section 1/Frame135,Position
Position7,Acme Lab/Tank 4/Section 1/Frame135,Position
Frame136,Acme Lab/Tank 4/Section 1,Frame
Position1,Acme Lab/Tank 4/Section 1/Frame136,Position
Position2,Acme Lab/Tank 4/Section 1/Frame136,Position
Position3,Acme Lab/Tank 4/Section 1/Frame136,Position
Position4,Acme Lab/Tank 4/Section 1/Frame136,Position
Position5,Acme Lab/Tank 4/Section 1/Frame136,Position
Position6,Acme Lab/Tank 4/Section 1/Frame136,Position
Position7,Acme Lab/Tank 4/Section 1/Frame136,Position
Frame137,Acme Lab/Tank 4/Section 1,Frame
Position1,Acme Lab/Tank 4/Section 1/Frame137,Position
Position2,Acme Lab/Tank 4/Section 1/Frame137,Position
Position3,Acme Lab/Tank 4/Section 1/Frame137,Position
Position4,Acme Lab/Tank 4/Section 1/Frame137,Position
Position5,Acme Lab/Tank 4/Section 1/Frame137,Position
Position6,Acme Lab/Tank 4/Section 1/Frame137,Position
Position7,Acme Lab/Tank 4/Section 1/Frame137,Position
Frame138,Acme Lab/Tank 4/Section 1,Frame
Position1,Acme Lab/Tank 4/Section 1/Frame138,Position
Position2,Acme Lab/Tank 4/Section 1/Frame138,Position
Position3,Acme Lab/Tank 4/Section 1/Frame138,Position
Position4,Acme Lab/Tank 4/Section 1/Frame138,Position
Position5,Acme Lab/Tank 4/Section 1/Frame138,Position
Position6,Acme Lab/Tank 4/Section 1/Frame138,Position
Position7,Acme Lab/Tank 4/Section 1/Frame138,Position
Frame139,Acme Lab/Tank 4/Section 1,Frame
Position1,Acme Lab/Tank 4/Section 1/Frame139,Position
Position2,Acme Lab/Tank 4/Section 1/Frame139,Position
Position3,Acme Lab/Tank 4/Section 1/Frame139,Position
Position4,Acme Lab/Tank 4/Section 1/Frame139,Position
Position5,Acme Lab/Tank 4/Section 1/Frame139,Position
Position6,Acme Lab/Tank 4/Section 1/Frame139,Position
Position7,Acme Lab/Tank 4/Section 1/Frame139,Position
Frame140,Acme Lab/Tank 4/Section 1,Frame
Position1,Acme Lab/Tank 4/Section 1/Frame140,Position
Position2,Acme Lab/Tank 4/Section 1/Frame140,Position
Position3,Acme Lab/Tank 4/Section 1/Frame140,Position
Position4,Acme Lab/Tank 4/Section 1/Frame140,Position
Position5,Acme Lab/Tank 4/Section 1/Frame140,Position
Position6,Acme Lab/Tank 4/Section 1/Frame140,Position
Position7,Acme Lab/Tank 4/Section 1/Frame140,Position
Frame141,Acme Lab/Tank 4/Section 1,Frame
Position1,Acme Lab/Tank 4/Section 1/Frame141,Position
Position2,Acme Lab/Tank 4/Section 1/Frame141,Position
Position3,Acme Lab/Tank 4/Section 1/Frame141,Position
Position4,Acme Lab/Tank 4/Section 1/Frame141,Position
Position5,Acme Lab/Tank 4/Section 1/Frame141,Position
Position6,Acme Lab/Tank 4/Section 1/Frame141,Position
Position7,Acme Lab/Tank 4/Section 1/Frame141,Position
Frame142,Acme Lab/Tank 4/Section 1,Frame
Position1,Acme Lab/Tank 4/Section 1/Frame142,Position
Position2,Acme Lab/Tank 4/Section 1/Frame142,Position
Position3,Acme Lab/Tank 4/Section 1/Frame142,Position
Position4,Acme Lab/Tank 4/Section 1/Frame142,Position
Position5,Acme Lab/Tank 4/Section 1/Frame142,Position
Position6,Acme Lab/Tank 4/Section 1/Frame142,Position
Position7,Acme Lab/Tank 4/Section 1/Frame142,Position
Frame143,Acme Lab/Tank 4/Section 1,Frame
Position1,Acme Lab/Tank 4/Section 1/Frame143,Position
Position2,Acme Lab/Tank 4/Section 1/Frame143,Position
Position3,Acme Lab/Tank 4/Section 1/Frame143,Position
Position4,Acme Lab/Tank 4/Section 1/Frame143,Position
Position5,Acme Lab/Tank 4/Section 1/Frame143,Position
Position6,Acme Lab/Tank 4/Section 1/Frame143,Position
Position7,Acme Lab/Tank 4/Section 1/Frame143,Position
Frame144,Acme Lab/Tank 4/Section 1,Frame
Position1,Acme Lab/Tank 4/Section 1/Frame144,Position
Position2,Acme Lab/Tank 4/Section 1/Frame144,Position
Position3,Acme Lab/Tank 4/Section 1/Frame144,Position
Position4,Acme Lab/Tank 4/Section 1/Frame144,Position
Position5,Acme Lab/Tank 4/Section 1/Frame144,Position
Position6,Acme Lab/Tank 4/Section 1/Frame144,Position
Position7,Acme Lab/Tank 4/Section 1/Frame144,Position
Frame145,Acme Lab/Tank 4/Section 1,Frame
Position1,Acme Lab/Tank 4/Section 1/Frame145,Position
Position2,Acme Lab/Tank 4/Section 1/Frame145,Position
Position3,Acme Lab/Tank 4/Section 1/Frame145,Position
Position4,Acme Lab/Tank 4/Section 1/Frame145,Position
Position5,Acme Lab/Tank 4/Section 1/Frame145,Position
Position6,Acme Lab/Tank 4/Section 1/Frame145,Position
Position7,Acme Lab/Tank 4/Section 1/Frame145,Position
Frame146,Acme Lab/Tank 4/Section 1,Frame
Position1,Acme Lab/Tank 4/Section 1/Frame146,Position
Position2,Acme Lab/Tank 4/Section 1/Frame146,Position
Position3,Acme Lab/Tank 4/Section 1/Frame146,Position
Position4,Acme Lab/Tank 4/Section 1/Frame146,Position
Position5,Acme Lab/Tank 4/Section 1/Frame146,Position
Position6,Acme Lab/Tank 4/Section 1/Frame146,Position
Position7,Acme Lab/Tank 4/Section 1/Frame146,Position
Frame147,Acme Lab/Tank 4/Section 1,Frame
Position1,Acme Lab/Tank 4/Section 1/Frame147,Position
Position2,Acme Lab/Tank 4/Section 1/Frame147,Position
Position3,Acme Lab/Tank 4/Section 1/Frame147,Position
Position4,Acme Lab/Tank 4/Section 1/Frame147,Position
Position5,Acme Lab/Tank 4/Section 1/Frame147,Position
Position6,Acme Lab/Tank 4/Section 1/Frame147,Position
Position7,Acme Lab/Tank 4/Section 1/Frame147,Position